{
  "mean": {
    "commute_hours": 0.41274757741537627,
    "day_of_week": 2.9082133949125195,
    "is_us_federal_holiday": 0.024533128238739592,
    "is_weekend": 0.2536384814023999,
    "month": 6.4381906964790545,
    "precipitation": 0.001508560921011907,
    "temperature": 59.21030512478211,
    "time_bucket": 58.21472862013763,
    "week_of_year": 26.16949084547325,
    "wind": 9.352286207727294
  },
  "std": {
    "commute_hours": 0.49232815758710596,
    "day_of_week": 1.9411224261661673,
    "is_us_federal_holiday": 0.15469729751214514,
    "is_weekend": 0.43509309596255874,
    "month": 3.448333688416576,
    "precipitation": 0.012104554708360717,
    "temperature": 7.813943701622052,
    "time_bucket": 20.01020613404128,
    "week_of_year": 14.957485733624527,
    "wind": 5.2315717551712435
  }
}